"name","source_side","source_path","candidate_path","file_count","dir_count","size_bytes","has_skill_md","has_agents_dir","has_references_dir","has_scripts_dir"
"ad-creative","kimi","C:\Users\sundh\AppData\Roaming\kimi-desktop\daimon-share\daimon\skills\ad-creative","C:\Users\sundh\Documents\KIMI_MODE\createMCP\MCPCreate20260719\04_技能包\skills-shared-candidate\ad-creative","4","1","44830","True","False","True","False"
"automation","kimi","C:\Users\sundh\AppData\Roaming\kimi-desktop\daimon-share\daimon\skills\automation","C:\Users\sundh\Documents\KIMI_MODE\createMCP\MCPCreate20260719\04_技能包\skills-shared-candidate\automation","1","0","15520","True","False","False","False"
"binding","kimi","C:\Users\sundh\AppData\Roaming\kimi-desktop\daimon-share\daimon\skills\binding","C:\Users\sundh\Documents\KIMI_MODE\createMCP\MCPCreate20260719\04_技能包\skills-shared-candidate\binding","1","0","5251","True","False","False","False"
"blueprint","kimi","C:\Users\sundh\AppData\Roaming\kimi-desktop\daimon-share\daimon\skills\blueprint","C:\Users\sundh\Documents\KIMI_MODE\createMCP\MCPCreate20260719\04_技能包\skills-shared-candidate\blueprint","1","0","3742","True","False","False","False"
"campaign-plan","kimi","C:\Users\sundh\AppData\Roaming\kimi-desktop\daimon-share\daimon\skills\campaign-plan","C:\Users\sundh\Documents\KIMI_MODE\createMCP\MCPCreate20260719\04_技能包\skills-shared-candidate\campaign-plan","2","0","25101","True","False","False","False"
"canvas","kimi","C:\Users\sundh\AppData\Roaming\kimi-desktop\daimon-share\daimon\skills\canvas","C:\Users\sundh\Documents\KIMI_MODE\createMCP\MCPCreate20260719\04_技能包\skills-shared-candidate\canvas","1","0","4912","True","False","False","False"
"churn-prevention","kimi","C:\Users\sundh\AppData\Roaming\kimi-desktop\daimon-share\daimon\skills\churn-prevention","C:\Users\sundh\Documents\KIMI_MODE\createMCP\MCPCreate20260719\04_技能包\skills-shared-candidate\churn-prevention","7","2","62660","True","False","True","True"
"content-research-writer","kimi","C:\Users\sundh\AppData\Roaming\kimi-desktop\daimon-share\daimon\skills\content-research-writer","C:\Users\sundh\Documents\KIMI_MODE\createMCP\MCPCreate20260719\04_技能包\skills-shared-candidate\content-research-writer","2","0","25491","True","False","False","False"
"copy-editing","kimi","C:\Users\sundh\AppData\Roaming\kimi-desktop\daimon-share\daimon\skills\copy-editing","C:\Users\sundh\Documents\KIMI_MODE\createMCP\MCPCreate20260719\04_技能包\skills-shared-candidate\copy-editing","3","1","23049","True","False","True","False"
"copywriting","kimi","C:\Users\sundh\AppData\Roaming\kimi-desktop\daimon-share\daimon\skills\copywriting","C:\Users\sundh\Documents\KIMI_MODE\createMCP\MCPCreate20260719\04_技能包\skills-shared-candidate\copywriting","4","1","22248","True","False","True","False"
"daily-report","kimi","C:\Users\sundh\AppData\Roaming\kimi-desktop\daimon-share\daimon\skills\daily-report","C:\Users\sundh\Documents\KIMI_MODE\createMCP\MCPCreate20260719\04_技能包\skills-shared-candidate\daily-report","1","0","11132","True","False","False","False"
"daimon-widget-cards","kimi","C:\Users\sundh\AppData\Roaming\kimi-desktop\daimon-share\daimon\skills\daimon-widget-cards","C:\Users\sundh\Documents\KIMI_MODE\createMCP\MCPCreate20260719\04_技能包\skills-shared-candidate\daimon-widget-cards","1","0","4345","True","False","False","False"
"darwin-runbook","kimi","C:\Users\sundh\AppData\Roaming\kimi-desktop\daimon-share\daimon\skills\darwin-runbook","C:\Users\sundh\Documents\KIMI_MODE\createMCP\MCPCreate20260719\04_技能包\skills-shared-candidate\darwin-runbook","1","0","5093","True","False","False","False"
"docx","kimi","C:\Users\sundh\AppData\Roaming\kimi-desktop\daimon-share\daimon\skills\docx","C:\Users\sundh\Documents\KIMI_MODE\createMCP\MCPCreate20260719\04_技能包\skills-shared-candidate\docx","70","13","1360013","True","False","True","True"
"humanizer-zh","kimi","C:\Users\sundh\AppData\Roaming\kimi-desktop\daimon-share\daimon\skills\humanizer-zh","C:\Users\sundh\Documents\KIMI_MODE\createMCP\MCPCreate20260719\04_技能包\skills-shared-candidate\humanizer-zh","3","0","28517","True","False","False","False"
"kimi-design-skill","kimi","C:\Users\sundh\AppData\Roaming\kimi-desktop\daimon-share\daimon\skills\kimi-design-skill","C:\Users\sundh\Documents\KIMI_MODE\createMCP\MCPCreate20260719\04_技能包\skills-shared-candidate\kimi-design-skill","308","6","810218","True","False","True","False"
"kimi-slides","kimi","C:\Users\sundh\AppData\Roaming\kimi-desktop\daimon-share\daimon\skills\kimi-slides","C:\Users\sundh\Documents\KIMI_MODE\createMCP\MCPCreate20260719\04_技能包\skills-shared-candidate\kimi-slides","14","2","241992","True","False","False","False"
"kimi-webbridge","kimi","C:\Users\sundh\AppData\Roaming\kimi-desktop\daimon-share\daimon\skills\kimi-webbridge","C:\Users\sundh\Documents\KIMI_MODE\createMCP\MCPCreate20260719\04_技能包\skills-shared-candidate\kimi-webbridge","2","1","14391","True","False","True","False"
"legal-risk-assessment","kimi","C:\Users\sundh\AppData\Roaming\kimi-desktop\daimon-share\daimon\skills\legal-risk-assessment","C:\Users\sundh\Documents\KIMI_MODE\createMCP\MCPCreate20260719\04_技能包\skills-shared-candidate\legal-risk-assessment","2","0","23301","True","False","False","False"
"manual-gates","kimi","C:\Users\sundh\AppData\Roaming\kimi-desktop\daimon-share\daimon\skills\manual-gates","C:\Users\sundh\Documents\KIMI_MODE\createMCP\MCPCreate20260719\04_技能包\skills-shared-candidate\manual-gates","97","80","333315","True","False","False","True"
"mckinsey-structured-thinking","kimi","C:\Users\sundh\AppData\Roaming\kimi-desktop\daimon-share\daimon\skills\mckinsey-structured-thinking","C:\Users\sundh\Documents\KIMI_MODE\createMCP\MCPCreate20260719\04_技能包\skills-shared-candidate\mckinsey-structured-thinking","5","7","15035","True","False","True","True"
"md-to-pdf","kimi","C:\Users\sundh\AppData\Roaming\kimi-desktop\daimon-share\daimon\skills\md-to-pdf","C:\Users\sundh\Documents\KIMI_MODE\createMCP\MCPCreate20260719\04_技能包\skills-shared-candidate\md-to-pdf","2","1","11910","True","False","False","True"
"memory-widget","kimi","C:\Users\sundh\AppData\Roaming\kimi-desktop\daimon-share\daimon\skills\memory-widget","C:\Users\sundh\Documents\KIMI_MODE\createMCP\MCPCreate20260719\04_技能包\skills-shared-candidate\memory-widget","2","1","7703","True","False","True","False"
"nuwa-runbook","kimi","C:\Users\sundh\AppData\Roaming\kimi-desktop\daimon-share\daimon\skills\nuwa-runbook","C:\Users\sundh\Documents\KIMI_MODE\createMCP\MCPCreate20260719\04_技能包\skills-shared-candidate\nuwa-runbook","1","0","4823","True","False","False","False"
"pdf","kimi","C:\Users\sundh\AppData\Roaming\kimi-desktop\daimon-share\daimon\skills\pdf","C:\Users\sundh\Documents\KIMI_MODE\createMCP\MCPCreate20260719\04_技能包\skills-shared-candidate\pdf","13","3","88868","True","False","False","True"
"pricing-strategy","kimi","C:\Users\sundh\AppData\Roaming\kimi-desktop\daimon-share\daimon\skills\pricing-strategy","C:\Users\sundh\Documents\KIMI_MODE\createMCP\MCPCreate20260719\04_技能包\skills-shared-candidate\pricing-strategy","5","2","42762","True","False","True","True"
"process-doc","kimi","C:\Users\sundh\AppData\Roaming\kimi-desktop\daimon-share\daimon\skills\process-doc","C:\Users\sundh\Documents\KIMI_MODE\createMCP\MCPCreate20260719\04_技能包\skills-shared-candidate\process-doc","2","0","12899","True","False","False","False"
"saas-metrics-coach","kimi","C:\Users\sundh\AppData\Roaming\kimi-desktop\daimon-share\daimon\skills\saas-metrics-coach","C:\Users\sundh\Documents\KIMI_MODE\createMCP\MCPCreate20260719\04_技能包\skills-shared-candidate\saas-metrics-coach","8","3","36447","True","False","True","True"
"scientific-problem-selection","kimi","C:\Users\sundh\AppData\Roaming\kimi-desktop\daimon-share\daimon\skills\scientific-problem-selection","C:\Users\sundh\Documents\KIMI_MODE\createMCP\MCPCreate20260719\04_技能包\skills-shared-candidate\scientific-problem-selection","11","1","118326","True","False","True","False"
"seaborn-visualization","kimi","C:\Users\sundh\AppData\Roaming\kimi-desktop\daimon-share\daimon\skills\seaborn-visualization","C:\Users\sundh\Documents\KIMI_MODE\createMCP\MCPCreate20260719\04_技能包\skills-shared-candidate\seaborn-visualization","1","0","4352","True","False","False","False"
"seo-audit","kimi","C:\Users\sundh\AppData\Roaming\kimi-desktop\daimon-share\daimon\skills\seo-audit","C:\Users\sundh\Documents\KIMI_MODE\createMCP\MCPCreate20260719\04_技能包\skills-shared-candidate\seo-audit","3","1","18093","True","False","True","False"
"skill-creator","kimi","C:\Users\sundh\AppData\Roaming\kimi-desktop\daimon-share\daimon\skills\skill-creator","C:\Users\sundh\Documents\KIMI_MODE\createMCP\MCPCreate20260719\04_技能包\skills-shared-candidate\skill-creator","1","0","18596","True","False","False","False"
"webapp-building","kimi","C:\Users\sundh\AppData\Roaming\kimi-desktop\daimon-share\daimon\skills\webapp-building","C:\Users\sundh\Documents\KIMI_MODE\createMCP\MCPCreate20260719\04_技能包\skills-shared-candidate\webapp-building","53","28","18809718","True","False","False","True"
"widget","kimi","C:\Users\sundh\AppData\Roaming\kimi-desktop\daimon-share\daimon\skills\widget","C:\Users\sundh\Documents\KIMI_MODE\createMCP\MCPCreate20260719\04_技能包\skills-shared-candidate\widget","2","1","22436","True","False","True","False"
"widgetdesign","kimi","C:\Users\sundh\AppData\Roaming\kimi-desktop\daimon-share\daimon\skills\widgetdesign","C:\Users\sundh\Documents\KIMI_MODE\createMCP\MCPCreate20260719\04_技能包\skills-shared-candidate\widgetdesign","168","10","3020025","True","True","True","False"
"xlsx","kimi","C:\Users\sundh\AppData\Roaming\kimi-desktop\daimon-share\daimon\skills\xlsx","C:\Users\sundh\Documents\KIMI_MODE\createMCP\MCPCreate20260719\04_技能包\skills-shared-candidate\xlsx","9","4","139662","True","False","False","True"
"code-review","codex","C:\Users\sundh\.codex\skills\code-review","C:\Users\sundh\Documents\KIMI_MODE\createMCP\MCPCreate20260719\04_技能包\skills-shared-candidate\code-review","2","1","6840","True","True","False","False"
"grill-me","codex","C:\Users\sundh\.codex\skills\grill-me","C:\Users\sundh\Documents\KIMI_MODE\createMCP\MCPCreate20260719\04_技能包\skills-shared-candidate\grill-me","2","1","253","True","True","False","False"
"math-model-selector","codex","C:\Users\sundh\.codex\skills\math-model-selector","C:\Users\sundh\Documents\KIMI_MODE\createMCP\MCPCreate20260719\04_技能包\skills-shared-candidate\math-model-selector","6","3","63464","True","True","True","True"
"research","codex","C:\Users\sundh\.codex\skills\research","C:\Users\sundh\Documents\KIMI_MODE\createMCP\MCPCreate20260719\04_技能包\skills-shared-candidate\research","2","1","893","True","True","False","False"
"shortdrama-video-generation","codex","C:\Users\sundh\.codex\skills\shortdrama-video-generation","C:\Users\sundh\Documents\KIMI_MODE\createMCP\MCPCreate20260719\04_技能包\skills-shared-candidate\shortdrama-video-generation","3","1","6356","True","False","True","False"
"speech","codex","C:\Users\sundh\.codex\skills\speech","C:\Users\sundh\Documents\KIMI_MODE\createMCP\MCPCreate20260719\04_技能包\skills-shared-candidate\speech","16","4","48773","True","True","True","True"
"to-spec","codex","C:\Users\sundh\.codex\skills\to-spec","C:\Users\sundh\Documents\KIMI_MODE\createMCP\MCPCreate20260719\04_技能包\skills-shared-candidate\to-spec","2","1","3177","True","True","False","False"
"to-tickets","codex","C:\Users\sundh\.codex\skills\to-tickets","C:\Users\sundh\Documents\KIMI_MODE\createMCP\MCPCreate20260719\04_技能包\skills-shared-candidate\to-tickets","2","1","5822","True","True","False","False"
"transcribe","codex","C:\Users\sundh\.codex\skills\transcribe","C:\Users\sundh\Documents\KIMI_MODE\createMCP\MCPCreate20260719\04_技能包\skills-shared-candidate\transcribe","7","4","25203","True","True","True","True"
