"phase","item","command","expected"
"before_switch","confirm Kimi stopped","Get-Process | Where-Object {$_.ProcessName -like ""*kimi*""}","no active work session or owner-approved stop window"
"before_switch","snapshot Kimi skills dir","Copy-Item -Recurse <kimi_skills> <timestamped_backup>","backup exists and count matches source"
"before_switch","snapshot Codex skills dir","Copy-Item -Recurse <codex_skills> <timestamped_backup>","backup exists and count excludes .system by policy"
"before_switch","verify candidate count","Get-ChildItem -Directory 04_技能包\skills-shared-candidate | Where-Object Name -ne _audit","45 skill directories"
"switch","rename runtime dirs only after red owner command","Rename-Item skills skills.bak.<timestamp>","no junction yet if rename fails"
"switch","create junctions","cmd /c mklink /J <runtime_skills> <skills-shared-candidate>","junction created"
"after_switch","verify Kimi path sees full set","Get-ChildItem -Directory <kimi_skills>","45 skill directories"
"after_switch","verify Codex path sees full set","Get-ChildItem -Directory <codex_skills>","45 skill directories"
"rollback","remove junction and restore backups","Remove-Item <junction>; Rename-Item <backup> skills","original runtime dirs restored"
